{"GAPD": 1.0, "GLUDy": 1.0, "GLUSy": 1.0, "PFK": 0.49999999999999994, "TPI": 0.49999999999999994, "EX_lac__D_e": 1.0, "GLCpts": 0.4999999999999999, "FBA": 0.49999999999999994, "PYK": 0.5000000000000001, "PGI": 0.4999999999999999, "GLNS": 1.0, "EX_h_e": 1.0, "ENO": 1.0}